MCW	O	O
1834029	O	O
ANEURYSM	Observation	Observation
PROTOCOL	O	O
CT	Modality	Modality
ANGIO	Modality	Modality
CHEST	Anatomy	Anatomy
,	O	O
CT	Modality	Modality
ANGIO	Modality	Modality
ABDOMEN	Anatomy	Anatomy
&	O	O
CT	Modality	Modality
ANGIO	Modality	Modality
PELVIS	Anatomy	Anatomy
-LRB-	O	O
#	O	O
825B-C-D	O	O
-RRB-	O	O
EXAMINATION	O	O
IS	O	O
PERFORMED	O	O
USING	O	O
HELICAL	O	O
ACQUISITION	O	O
WITH	O	O
0.625	O	O
MM	O	O
DETECTOR	O	O
COLLIMATION	O	O
.	O	O
RETROSPECTIVE	O	O
EKG	O	O
GATING	O	O
WAS	O	O
UTILIZED	O	O
FOR	O	O
STUDY	O	O
OF	O	O
THE	O	O
THORACIC	Anatomy	Anatomy
AORTA	Anatomy	Anatomy
AND	O	O
NON-GATED	O	O
EXAMINATION	O	O
FOR	O	O
STUDY	O	O
OF	O	O
THE	O	O
AORTOILIAC	Anatomy	Anatomy
VESSELS	Anatomy	Anatomy
.	O	O
COMPARISON	O	O
IS	O	O
MADE	O	O
TO	O	O
A	O	O
RECENT	O	O
PULMONARY	Anatomy	Anatomy
EMBOLISM	Observation	Observation
CT	Modality	Modality
STUDY	O	O
OF	O	O
-LSB-	O	O
date	O	O
-RSB-	O	O
.	O	O
THERE	O	O
IS	O	O
DIFFUSE	Observation_Modifier	Observation_Modifier
ATHEROSCLEROTIC	Observation_Modifier	Observation_Modifier
DISEASE	Modality	Modality
OF	O	O
THE	O	O
THORACOABDOMINAL	Anatomy	Anatomy
AORTA	Anatomy	Anatomy
WITH	O	O
A	O	O
SMALL	Observation_Modifier	Observation_Modifier
SACCULAR	Observation_Modifier	Observation_Modifier
ANEURYSM	Observation	Observation
OF	O	O
THE	O	O
INFRARENAL	Anatomy_Modifier	Anatomy_Modifier
AORTA	Anatomy	Anatomy
,	O	O
AP	Observation_Modifier	Observation_Modifier
DIAMETER	Observation_Modifier	Observation_Modifier
4	Observation_Modifier	Observation_Modifier
CM	Observation_Modifier	Observation_Modifier
AND	O	O
TRANSVERSE	Observation_Modifier	Observation_Modifier
DIAMETER	Observation_Modifier	Observation_Modifier
ABOUT	O	O
6	Observation_Modifier	Observation_Modifier
CM	Observation_Modifier	Observation_Modifier
.	O	O
THIS	O	O
SACCULAR	Observation_Modifier	Observation_Modifier
ANEURYSM	Observation	Observation
CONTAINS	O	O
A	O	O
PROMINENT	Observation_Modifier	Observation_Modifier
LAYER	Observation_Modifier	Observation_Modifier
OF	O	O
LINING	Observation_Modifier	Observation_Modifier
THROMBUS	Observation	Observation
ON	O	O
ITS	O	O
LEFT	Observation_Modifier	Observation_Modifier
LATERAL	Observation_Modifier	Observation_Modifier
MARGIN	Observation_Modifier	Observation_Modifier
.	O	O
THERE	O	O
IS	O	O
NO	Uncertainty	Uncertainty
AORTIC	Anatomy	Anatomy
DISSECTION	Observation	Observation
.	O	O
NO	Uncertainty	Uncertainty
OTHER	Uncertainty	Uncertainty
FOCAL	Observation_Modifier	Observation_Modifier
ANEURYSM	Observation	Observation
IS	O	O
SEEN	O	O
.	O	O
THERE	O	O
IS	O	O
PROMINENT	Observation_Modifier	Observation_Modifier
ATHEROSCLEROTIC	Observation_Modifier	Observation_Modifier
DISEASE	Observation	Observation
INVOLVING	O	O
THE	O	O
ORIFICES	Anatomy_Modifier	Anatomy_Modifier
OF	O	O
THE	O	O
INNOMINATE	Anatomy	Anatomy
,	O	O
LEFT	Anatomy	Anatomy
COMMON	Anatomy	Anatomy
CAROTID	Anatomy	Anatomy
AND	O	O
LEFT	Anatomy	Anatomy
SUBCLAVIAN	Anatomy	Anatomy
ARTERIES	Anatomy	Anatomy
WITH	O	O
STENOSIS	Observation	Observation
OF	O	O
BOTH	O	Anatomy_Modifier
THE	O	O
LEFT	Anatomy	Anatomy
COMMON	Anatomy	Anatomy
CAROTID	Anatomy	Anatomy
AND	O	O
LEFT	Anatomy	Anatomy
SUBCLAVIAN	Anatomy	Anatomy
ARTERIES	Anatomy	Anatomy
.	O	O
AP	Observation_Modifier	Observation_Modifier
DIAMETER	Observation_Modifier	Observation_Modifier
OF	O	O
THE	O	O
MID	Anatomy_Modifier	Anatomy_Modifier
ASCENDING	Anatomy_Modifier	Anatomy_Modifier
AORTA	Anatomy	Anatomy
IS	O	O
37	Observation_Modifier	Observation_Modifier
MM	Observation_Modifier	Observation_Modifier
AND	O	O
OF	O	O
THE	O	O
MID	Anatomy_Modifier	Anatomy_Modifier
DESCENDING	Anatomy_Modifier	Anatomy_Modifier
AORTA	Anatomy	Anatomy
26	Observation_Modifier	Observation_Modifier
MM	Observation_Modifier	Observation_Modifier
.	O	O
NORMAL	Observation	Observation
DIMENSIONS	Observation_Modifier	Observation_Modifier
OF	O	O
THE	O	O
SUPRARENAL	Anatomy_Modifier	Anatomy_Modifier
AND	O	O
JUXTARENAL	Anatomy_Modifier	Anatomy_Modifier
ABDOMINAL	Anatomy	Anatomy
AORTA	Anatomy	Anatomy
.	O	O
THERE	O	O
IS	O	O
PROMINENT	Observation_Modifier	Observation_Modifier
IRREGULAR	Observation_Modifier	Observation_Modifier
ATHEROTHROMBOSIS	Observation	Observation
OF	O	O
THE	O	O
SUPRARENAL	Anatomy_Modifier	Anatomy_Modifier
AND	O	O
INFRARENAL	Anatomy_Modifier	Anatomy_Modifier
AORTA	Anatomy	Anatomy
.	O	O
THE	O	O
CELIAC	Anatomy	Anatomy
,	O	O
SUPERIOR	Anatomy	Anatomy
MESENTERIC	Anatomy	Anatomy
AND	O	O
INFERIOR	Anatomy	Anatomy
MESENTERIC	Anatomy	Anatomy
ARTERIES	Anatomy	Anatomy
ARE	O	O
PATENT	Observation	Observation
.	O	O
PROMINENT	Observation_Modifier	Observation_Modifier
ATHEROSCLEROTIC	Observation_Modifier	Observation_Modifier
CALCIFICATION	Observation	Observation
AT	O	O
THE	O	O
OSTIUM	Anatomy_Modifier	Anatomy_Modifier
OF	O	O
THE	O	O
SUPERIOR	Anatomy	Anatomy
MESENTERIC	Anatomy	Anatomy
ARTERY	Anatomy	Anatomy
BUT	O	O
WITHOUT	Uncertainty	Uncertainty
SIGNIFICANT	Observation_Modifier	Observation_Modifier
STENOSIS	Observation	Observation
.	O	O
SINGLE	Observation	Observation
RENAL	Anatomy	Anatomy
ARTERIES	Anatomy	Anatomy
TO	O	O
EACH	O	O
KIDNEY	Anatomy	Anatomy
WITH	O	O
PROMINENT	Observation_Modifier	Observation_Modifier
LINING	Observation_Modifier	Observation_Modifier
ATHEROTHROMBOSIS	Observation	Observation
BUT	O	O
WITHOUT	Uncertainty	Uncertainty
SIGNIFICANT	Observation_Modifier	Observation_Modifier
STENOSIS	Observation	Observation
.	O	O
THERE	O	O
IS	O	O
EXTENSIVE	Observation_Modifier	Observation_Modifier
ATHEROSCLEROTIC	Observation_Modifier	Observation_Modifier
DISEASE	Observation	Observation
OF	O	O
THE	O	O
BILATERAL	Anatomy_Modifier	Anatomy_Modifier
COMMON	Anatomy	Anatomy
ILIAC	Anatomy	Anatomy
,	O	O
EXTERNAL	Anatomy	Anatomy
ILIAC	Anatomy	Anatomy
,	O	O
COMMON	Anatomy	Anatomy
FEMORAL	Anatomy	Anatomy
AND	O	O
PROXIMAL	Anatomy	Anatomy
SUPERFICIAL	Anatomy	Anatomy
AND	O	O
PROFUNDA	Anatomy	Anatomy
FEMORAL	Anatomy	Anatomy
ARTERIES	Anatomy	Anatomy
.	O	O
NO	Uncertainty	Uncertainty
SIGNIFICANT	Uncertainty	Uncertainty
STENOSIS	Observation	Observation
.	O	O
BOTH	Anatomy_Modifier	Anatomy_Modifier
HYPOGASTRIC	Anatomy	Anatomy
ARTERIES	Anatomy	Anatomy
ARE	O	O
PATENT	Observation	Observation
.	O	O
AS	O	O
PREVIOUSLY	O	O
,	O	O
THERE	O	O
IS	O	O
EXTENSIVE	Observation_Modifier	Observation_Modifier
CENTRILOBULAR	Observation_Modifier	Observation_Modifier
EMPHYSEMA	Observation	Observation
,	O	O
MOST	Observation_Modifier	Observation_Modifier
MARKED	Observation_Modifier	Observation_Modifier
IN	O	O
THE	O	O
MID	Anatomy_Modifier	Anatomy_Modifier
AND	O	O
UPPER	Anatomy_Modifier	Anatomy_Modifier
LUNG	Anatomy	Anatomy
FIELDS	Anatomy_Modifier	Anatomy_Modifier
.	O	O
MULTIFOCAL	Observation_Modifier	Observation_Modifier
SMALL	Observation_Modifier	Observation_Modifier
PULMONARY	Anatomy	Anatomy
NODULES	Observation	Observation
ARE	O	O
UNCHANGED	Observation_Modifier	Observation_Modifier
.	O	O
THE	O	O
LARGEST	Observation_Modifier	Observation_Modifier
PULMONARY	Anatomy	Anatomy
NODULE	Observation	Observation
IS	O	O
NOTED	O	O
IN	O	O
THE	O	O
MEDIAL	Anatomy_Modifier	Anatomy_Modifier
ASPECT	O	O
LEFT	Anatomy	Anatomy
LOWER	Anatomy	Anatomy
LOBE	Anatomy	Anatomy
APPROXIMATELY	O	O
6	Observation_Modifier	Observation_Modifier
MM	Observation_Modifier	Observation_Modifier
IN	O	O
DIAMETER	Observation_Modifier	Observation_Modifier
WITH	O	O
SPICULATED	Observation_Modifier	Observation_Modifier
MARGIN	Observation_Modifier	Observation_Modifier
.	O	O
IT	O	O
IS	O	O
UNCHANGED	Observation_Modifier	Observation_Modifier
IN	O	O
COMPARISON	O	O
TO	O	O
-LSB-	O	O
date	O	O
-RSB-	O	O
.	O	O
OPACIFICATION	Observation	Observation
OF	O	O
THE	O	O
PULMONARY	Anatomy	Anatomy
ARTERIES	Anatomy	Anatomy
IS	O	O
SUBOPTIMAL	Observation_Modifier	Observation_Modifier
.	O	O
HOWEVER	O	O
,	O	O
NO	Uncertainty	Uncertainty
PULMONARY	Anatomy	Anatomy
EMBOLI	Observation	Observation
ARE	O	O
SEEN	O	O
.	O	O
ARTERIAL	O	O
PHASE	O	O
IMAGES	O	O
OF	O	O
THE	O	O
LIVER	Anatomy	Anatomy
,	O	O
SPLEEN	Anatomy	Anatomy
,	O	O
PANCREAS	Anatomy	Anatomy
AND	O	O
ADRENAL	Anatomy	Anatomy
GLANDS	Anatomy	Anatomy
APPEAR	O	Uncertainty
NORMAL	Observation	Observation
.	O	O
RIGHT	Anatomy_Modifier	Anatomy_Modifier
AND	O	O
LEFT	Anatomy_Modifier	Anatomy_Modifier
KIDNEYS	Anatomy	Anatomy
APPEAR	Uncertainty	Uncertainty
MORPHOLOGICALLY	Observation_Modifier	Observation_Modifier
NORMAL	Observation	Observation
.	O	O
NORMAL	Observation	Observation
APPEARANCE	O	O
OF	O	O
THE	O	O
BOWEL	Anatomy	Anatomy
AND	O	O
MESENTERY	Anatomy	Anatomy
IN	O	O
THE	O	O
ABDOMEN	Anatomy	Anatomy
AND	O	O
PELVIS	Anatomy	Anatomy
.	O	O
EXTENSIVE	Observation_Modifier	Observation_Modifier
DEGENERATIVE	Observation	Observation
JOINT	Observation	Observation
DISEASE	Observation	Observation
OF	O	O
THE	O	O
THORACOLUMBAR	Anatomy_Modifier	Anatomy_Modifier
SPINE	Anatomy	Anatomy
.	O	O
NOTE	O	O
IS	O	O
MADE	O	O
OF	O	O
LEFT	Anatomy	Anatomy
VENTRICULAR	Anatomy	Anatomy
HYPERTROPHY	Observation	Observation
.	O	O
THERE	O	O
IS	O	O
A	O	O
TRICUSPID	Observation	Observation
AORTIC	Anatomy	Anatomy
VALVE	Anatomy	Anatomy
WITH	O	O
PROMINENT	Observation_Modifier	Observation_Modifier
CALCIFICATION	Observation	Observation
AT	O	O
THE	O	O
VALVE	Anatomy	Anatomy
COMMISSURES	Anatomy_Modifier	Anatomy_Modifier
.	O	O
1	O	O
.	O	O
ADVANCED	Observation_Modifier	Observation_Modifier
ATHEROSCLEROTIC	Observation_Modifier	Observation_Modifier
DISEASE	Observation	Observation
OF	O	O
THE	O	O
THORACOABDOMINAL	Anatomy_Modifier	Anatomy_Modifier
AORTA	Anatomy	Anatomy
.	O	O
FOCAL	Observation_Modifier	Observation_Modifier
SACCULAR	Observation_Modifier	Observation_Modifier
INFRARENAL	Anatomy	Anatomy
ANEURYSM	Observation	Observation
WITH	O	O
PROMINENT	Observation_Modifier	Observation_Modifier
LINING	Observation_Modifier	Observation_Modifier
MURAL	Observation_Modifier	Observation_Modifier
THROMBUS	Observation	Observation
.	O	O
2	O	O
.	O	O
LEFT	Anatomy	Anatomy
VENTICULAR	Anatomy	Anatomy
HYPERTROPHY	Observation	Observation
.	O	O
3	O	O
.	O	O
NO	Uncertainty	Uncertainty
AORTIC	Anatomy	Anatomy
DISSECTION	Observation	Observation
.	O	O
4	O	O
.	O	O
STENOSED	Observation	Observation
ORIGINS	Anatomy_Modifier	Anatomy_Modifier
OF	O	O
LEFT	Anatomy_Modifier	Anatomy_Modifier
COMMON	Anatomy	Anatomy
CAROTID	Anatomy	Anatomy
AND	O	O
LEFT	Anatomy_Modifier	Anatomy_Modifier
SUBCLAVIAN	Anatomy	Anatomy
ARTERIES	Anatomy	Anatomy
.	O	O
5	O	O
.	O	O
PATENT	Observation	Observation
ABDOMINAL	Anatomy_Modifier	Anatomy_Modifier
VISCERAL	Anatomy_Modifier	Anatomy_Modifier
BRANCH	Anatomy_Modifier	Anatomy_Modifier
VESSELS	Anatomy	Anatomy
.	O	O
INFERIOR	Anatomy	Anatomy
MESENTERIC	Anatomy	Anatomy
ARTERY	Anatomy	Anatomy
PATENT	Observation	Observation
AND	O	O
ARISING	O	O
AT	O	O
DISTAL	Observation_Modifier	Observation_Modifier
MARGIN	Observation_Modifier	Observation_Modifier
OF	O	O
SACCULAR	Observation_Modifier	Observation_Modifier
ANEURYSM	Observation	Observation
.	O	O
6	O	O
.	O	O
NORMAL	Observation	Observation
PATENCY	Observation_Modifier	Observation_Modifier
OF	O	O
ATHEROSCLEROTIC	Observation	Observation
ILIAC	Anatomy_Modifier	Anatomy_Modifier
OUTFLOW	Anatomy_Modifier	Anatomy_Modifier
VASCULATURE	Anatomy	Anatomy
.	O	O
7	O	O
.	O	O
EXTENSIVE	Observation_Modifier	Observation_Modifier
CENTRILOBULAR	Observation_Modifier	Observation_Modifier
EMPHYSEMA	Observation	Observation
.	O	O
MULTIPLE	Observation_Modifier	Observation_Modifier
SMALL	Observation_Modifier	Observation_Modifier
PULMONARY	Anatomy	Anatomy
NODULES	Observation	Observation
,	O	O
UNCHANGED	Observation_Modifier	Observation_Modifier
.	O	O
71260	O	O
CT	O	Modality
CHEST	Anatomy	Anatomy
w	O	O
CT	Modality	Modality
05/06/2007	O	O
CT	Modality	Modality
of	O	O
the	O	O
chest	Anatomy	Anatomy
,	O	O
abdomen	Anatomy	Anatomy
,	O	O
and	O	O
pelvis	Anatomy	Anatomy
with	O	O
IV	O	O
contrast	O	O
.	O	O
No	O	Uncertainty
comparison	O	O
.	O	O
Minimally	Observation_Modifier	Observation_Modifier
displaced	Observation_Modifier	Observation_Modifier
fracture	Observation	Observation
left	Anatomy_Modifier	Anatomy_Modifier
scapula	Anatomy	Anatomy
-LRB-	O	O
series	O	O
2	O	O
,	O	O
images	O	O
12-15	O	O
-RRB-	O	O
.	O	O
Mild	Observation_Modifier	Observation_Modifier
bibasilar	Anatomy_Modifier	Anatomy_Modifier
atelectasis	Observation	Observation
.	O	O
Bilateral	Anatomy_Modifier	Anatomy_Modifier
renal	Anatomy	Anatomy
cysts	Observation	Observation
.	O	O
Negative	Observation	Observation
liver	Anatomy	Anatomy
,	O	O
pancreas	Anatomy	Anatomy
,	O	O
kidneys	Anatomy	Anatomy
,	O	O
and	O	O
spleen	Anatomy	Anatomy
with	O	O
no	Uncertainty	Uncertainty
evidence	Uncertainty	Uncertainty
of	Uncertainty	Uncertainty
organ	O	O
injury	Observation	Observation
.	O	O
Well	Observation_Modifier	Observation_Modifier
corticated	Observation_Modifier	Observation_Modifier
osseus	Observation_Modifier	Observation_Modifier
density	Observation	Observation
anterior	Anatomy_Modifier	Anatomy_Modifier
to	O	O
the	O	O
superior	Anatomy_Modifier	Anatomy_Modifier
endplate	Anatomy_Modifier	Anatomy_Modifier
of	O	O
the	O	O
T12	Anatomy	Anatomy
vertebral	Anatomy	Anatomy
body	Anatomy	Anatomy
,	O	O
likely	Uncertainty	Uncertainty
represent	Uncertainty	Uncertainty
a	O	O
normal	Observation	Observation
variant	Observation	Observation
,	O	O
limbus	Observation	Observation
vertebrae	Observation	Observation
.	O	O
Remainder	O	O
negative	Observation	Observation
.	O	O
71275	O	O
CTA	Modality	Modality
Chest	Anatomy	Anatomy
w	O	O
or	O	O
wo	O	O
3D	O	O
CT	Modality	Modality
05/11/2007	O	O
ES	O	O
>	O	O
<	O	O
REPOClinical	O	O
indication	O	O
of	O	O
pulmonary	Anatomy	Anatomy
vein	Anatomy	Anatomy
protocol	O	O
before	O	O
atrial	Anatomy	Anatomy
fibrillation	Observation	Observation
ablation	O	O
gated	O	O
CT	Modality	Modality
scan	O	O
with	O	O
contrast	O	O
.	O	O
FINDINGS	O	O
:	O	O
There	O	O
are	O	O
two	Observation	Observation
separate	O	O
left	Anatomy_Modifier	Anatomy_Modifier
pulmonary	Anatomy	Anatomy
veins	Anatomy	Anatomy
and	O	O
there	O	O
are	O	O
three	Observation	Observation
right	Anatomy_Modifier	Anatomy_Modifier
pulmonary	Anatomy	Anatomy
veins	Anatomy	Anatomy
.	O	O
Pulmonary	Anatomy	Anatomy
veins	Anatomy	Anatomy
are	O	O
patent	Observation	Observation
without	Uncertainty	Uncertainty
stenosis	Observation	Observation
or	O	O
thrombosis	Observation	Observation
.	O	O
No	Uncertainty	Uncertainty
intracardiac	Anatomy	Anatomy
thrombus	Observation	Observation
.	O	O
Minimal	Observation_Modifier	Observation_Modifier
calcification	Observation	Observation
in	O	O
the	O	O
aortic	Anatomy	Anatomy
valve	Anatomy	Anatomy
.	O	O
Significant	Observation_Modifier	Observation_Modifier
coronary	Anatomy	Anatomy
artery	Anatomy	Anatomy
calcification	Observation	Observation
in	O	O
the	O	O
LAD	Anatomy	Anatomy
and	O	O
circumflex	Anatomy	Anatomy
arteries	Anatomy	Anatomy
.	O	O
6.5	Observation_Modifier	Observation_Modifier
mm	Observation_Modifier	Observation_Modifier
indeterminate	Observation_Modifier	Observation_Modifier
nodule	Observation	Observation
right	Anatomy	Anatomy
middle	Anatomy	Anatomy
lobe	Anatomy	Anatomy
-LRB-	O	O
series	O	O
4	O	O
,	O	O
image	O	O
62	O	O
-RRB-	O	O
.	O	O
Additional	Observation_Modifier	Observation_Modifier
smaller	Observation_Modifier	Observation_Modifier
nodules	Observation	Observation
in	O	O
the	O	O
left	Anatomy	Anatomy
lower	Anatomy	Anatomy
lobe	Anatomy	Anatomy
-LRB-	O	O
series	O	O
4	O	O
,	O	O
image	O	O
95	O	O
-RRB-	O	O
,	O	O
and	O	O
in	O	O
the	O	O
right	Anatomy	Anatomy
lung	Anatomy	Anatomy
-LRB-	O	O
images	O	O
46	O	O
and	O	O
75	O	O
-RRB-	O	O
.	O	O
Comparison	O	O
with	O	O
any	O	O
prior	O	O
CT	Modality	Modality
's	O	O
would	O	O
be	O	O
helpful	O	O
to	O	O
assess	O	O
stability	O	O
,	O	O
and	O	O
continued	O	O
follow	O	O
up	O	O
is	O	O
recommended	O	O
.	O	O
38078820	O	O
FULL	O	O
RESULT	O	O
:	O	O
Examination	O	O
:	O	O
CT	Modality	Modality
of	O	O
the	O	O
Thorax	Anatomy	Anatomy
,	O	O
11/14/2008	O	O
.	O	O
Clinical	O	O
History	O	O
:	O	O
A	O	O
62-year-old	O	Observation_Modifier
male	O	Observation
with	O	O
history	O	O
of	O	O
supracricoid	Anatomy	Anatomy
carcinoma	Observation	Observation
.	O	O
Findings	O	O
:	O	O
CT	Modality	Modality
scan	O	O
of	O	O
the	O	O
chest	Anatomy	Anatomy
was	O	O
obtained	O	O
after	O	O
the	O	O
administration	O	O
of	O	O
intravenous	O	O
contrast	O	O
.	O	O
No	O	Uncertainty
prior	O	O
chest	O	Anatomy
CTs	Modality	Modality
are	O	O
available	O	O
for	O	O
comparison	O	O
.	O	O
Correlation	O	O
is	O	O
made	O	O
with	O	O
the	O	O
previously	O	O
performed	O	O
PET/CTs	Modality	Modality
.	O	O
No	Uncertainty	Uncertainty
discrete	Observation_Modifier	Observation_Modifier
pulmonary	Anatomy	Anatomy
nodules	Observation	Observation
are	O	O
identified	O	O
that	O	O
are	O	O
suspicious	Uncertainty	Uncertainty
for	Uncertainty	Uncertainty
metastatic	Observation	Observation
disease	O	O
.	O	O
There	O	O
are	O	O
mediastinal	Anatomy	Anatomy
and	O	O
hilar	Anatomy	Anatomy
lymph	Observation	Observation
nodes	Observation	Observation
which	O	O
are	O	O
prominent	Observation_Modifier	Observation_Modifier
but	O	O
stable	Observation_Modifier	Observation_Modifier
dating	O	O
back	O	O
to	O	O
May	O	O
of	O	O
this	O	O
year	O	O
.	O	O
The	O	O
right	Anatomy_Modifier	Anatomy_Modifier
hilar	Anatomy	Anatomy
node	Observation	Observation
measures	O	O
approximately	Observation_Modifier	Observation_Modifier
1.8	Observation_Modifier	Observation_Modifier
x	Observation_Modifier	Observation_Modifier
2.2	Observation_Modifier	Observation_Modifier
cm	Observation_Modifier	Observation_Modifier
.	O	O
A	O	O
mediastinal	Anatomy	Anatomy
lymph	Observation	Observation
node	Observation	Observation
measures	O	O
1.1	Observation_Modifier	Observation_Modifier
x	Observation_Modifier	Observation_Modifier
1.1	Observation_Modifier	Observation_Modifier
cm	Observation_Modifier	Observation_Modifier
.	O	O
These	O	O
can	O	O
be	O	O
followed	O	O
to	O	O
exclude	O	O
metastatic	O	Observation_Modifier
disease	O	Observation
.	O	O
There	O	O
is	O	O
a	O	O
button	Observation	Observation
in	O	O
place	O	O
.	O	O
No	Uncertainty	Uncertainty
pleural	Anatomy	Anatomy
or	O	O
pericardial	Anatomy	Anatomy
effusion	Observation	Observation
is	O	O
seen	O	O
.	O	O
No	Uncertainty	Uncertainty
hepatic	Anatomy	Anatomy
lesions	Observation	Observation
are	O	O
identified	O	O
.	O	O
The	O	O
spleen	Anatomy	Anatomy
contains	O	O
granulomas	Observation	Observation
.	O	O
There	O	O
is	O	O
slight	Observation_Modifier	Observation_Modifier
nodularity	Observation	Observation
of	O	O
the	O	O
left	Anatomy_Modifier	Anatomy_Modifier
adrenal	Anatomy	Anatomy
gland	Anatomy	Anatomy
.	O	O
IMPRESSION	O	O
:	O	O
No	Uncertainty	Uncertainty
definite	Uncertainty	Uncertainty
evidence	Uncertainty	Uncertainty
of	Uncertainty	Uncertainty
metastatic	Observation	Observation
disease	O	O
.	O	O
Mediastinal	Anatomy	Anatomy
and	O	O
hilar	Anatomy	Anatomy
lymph	Observation	Observation
nodes	Observation	Observation
have	O	O
remained	O	O
stable	Observation	Observation
dating	O	O
back	O	O
to	O	O
May	O	O
and	O	O
can	O	O
be	O	O
followed	O	O
on	O	O
subsequent	O	O
exams	O	O
or	O	O
PET/CT	Modality	Modality
.	O	O
CT	Modality	Modality
CT	Modality	Modality
,	O	O
LUNG	Anatomy	Anatomy
,	O	O
MED	Anatomy	Anatomy
,	O	O
PLEURA	Anatomy	Anatomy
W/CONTRAST	O	O
71250	O	O
CT	Modality	Modality
CHEST	Anatomy	Anatomy
wo	O	O
CT	Modality	Modality
05/11/2007	O	O
ES	O	O
>	O	O
<	O	O
REPOUnenhanced	O	O
CT	Modality	Modality
of	O	O
the	O	O
chest	Anatomy	Anatomy
compared	O	O
to	O	O
a	O	O
prior	O	O
study	O	O
from	O	O
March	O	O
20	O	O
,	O	O
06	O	O
.	O	O
Considerable	Observation_Modifier	Observation_Modifier
interval	O	O
decrease	Observation_Modifier	Observation_Modifier
in	O	O
previously	Observation_Modifier	Observation_Modifier
seen	Observation_Modifier	Observation_Modifier
small	Observation_Modifier	Observation_Modifier
left	Anatomy_Modifier	Anatomy_Modifier
lower	Anatomy	Anatomy
lobe	Anatomy	Anatomy
pulmonary	Anatomy	Anatomy
nodules	Observation	Observation
series	O	O
2	O	O
image	O	O
42	O	O
.	O	O
Moderate-sized	Observation_Modifier	Observation_Modifier
hiatal	Observation	Observation
hernia	Observation	Observation
.	O	O
Tiny	Observation_Modifier	Observation_Modifier
pericardial	Anatomy	Anatomy
effusion	Observation	Observation
or	O	O
pericardial	Anatomy	Anatomy
thickening	Observation	Observation
.	O	O
Fibrotic	Observation_Modifier	Observation_Modifier
strands	Observation	Observation
in	O	O
the	O	O
lung	Anatomy	Anatomy
bases	Anatomy_Modifier	Anatomy_Modifier
.	O	O
Right	Anatomy_Modifier	Anatomy_Modifier
upper	Anatomy_Modifier	Anatomy_Modifier
pole	Anatomy_Modifier	Anatomy_Modifier
renal	Anatomy	Anatomy
cyst	Observation	Observation
.	O	O
PO	O	O
cholecystectomy	Observation	Observation
.	O	O
Duodenal	Anatomy	Anatomy
diverticula	Observation	Observation
.	O	O
71275	O	O
CTA	Modality	Modality
Chest	Anatomy	Anatomy
w	O	O
or	O	O
wo	O	O
3D	O	O
CT	O	Modality
05/07/2007	O	O
ES	O	O
>	O	O
<	O	O
REPOECG	O	O
gated	O	O
CT	Modality	Modality
of	O	O
the	O	O
chest	Anatomy	Anatomy
with	O	O
contrast	O	O
per	O	O
pulmonary	Anatomy	Anatomy
vein	Anatomy	Anatomy
protocol	O	O
.	O	O
Comparison	O	O
is	O	O
made	O	O
with	O	O
CT	Modality	Modality
angiography	Modality	Modality
of	O	O
the	O	O
chest	Anatomy	Anatomy
from	O	O
06-11-03	O	O
.	O	O
Conventional	Observation	Observation
anatomy	Observation	Observation
to	O	O
the	O	O
pulmonary	Anatomy	Anatomy
veins	Anatomy	Anatomy
entering	O	O
the	O	O
left	Anatomy	Anatomy
atrium	Anatomy	Anatomy
at	O	O
their	O	O
expected	Observation	Observation
location	Observation	Observation
.	O	O
No	Uncertainty	Uncertainty
pulmonary	Anatomy	Anatomy
vein	Anatomy	Anatomy
stenosis	Observation	Observation
.	O	O
No	Uncertainty	Uncertainty
intra-cardiac	O	O
thrombus	Observation	Observation
or	O	O
mass	Observation	Observation
.	O	O
The	O	O
cardiac	Anatomy	Anatomy
chambers	Anatomy_Modifier	Anatomy_Modifier
are	O	O
grossly	Observation_Modifier	Observation_Modifier
normal	Observation	Observation
in	O	O
size	Observation_Modifier	Observation_Modifier
.	O	O
Pericardium	Anatomy	Anatomy
is	O	O
not	Uncertainty	Uncertainty
thickened	Observation	Observation
and	O	O
there	O	O
is	O	O
no	Uncertainty	Uncertainty
effusion	Observation	Observation
.	O	O
Small	Observation_Modifier	Observation_Modifier
amount	Observation_Modifier	Observation_Modifier
of	O	O
calcification	Observation	Observation
is	O	O
in	O	O
the	O	O
mitral	Anatomy	Anatomy
annulus	Anatomy	Anatomy
.	O	O
Scattered	Observation_Modifier	Observation_Modifier
calcified	Observation_Modifier	Observation_Modifier
plaque	Observation	Observation
in	O	O
both	Anatomy_Modifier	Anatomy_Modifier
of	O	O
the	O	O
coronary	Anatomy	Anatomy
arteries	Anatomy	Anatomy
and	O	O
thoracic	Anatomy	Anatomy
aorta	Anatomy	Anatomy
.	O	O
Interval	O	O
post-operative	Observation	Observation
changes	O	O
of	O	O
lumpectomy	Observation	Observation
of	O	O
the	O	O
right	Anatomy_Modifier	Anatomy_Modifier
breast	Anatomy	Anatomy
.	O	O
Minimal	Observation_Modifier	Observation_Modifier
fibrotic-appearing	O	Observation
changes	O	O
lung	Anatomy	Anatomy
adjacent	O	O
to	O	O
the	O	O
anterior	Anatomy_Modifier	Anatomy_Modifier
chest	Anatomy	Anatomy
wall	Anatomy_Modifier	Anatomy_Modifier
beneath	O	O
the	O	O
right	Anatomy_Modifier	Anatomy_Modifier
breast	Anatomy	Anatomy
,	O	O
likely	Uncertainty	Uncertainty
this	O	O
is	O	O
related	O	Uncertainty
to	O	Uncertainty
prior	O	O
radiation	Observation	Observation
therapy	Observation	Observation
.	O	O
Moderate	Observation_Modifier	Observation_Modifier
sized	O	O
hiatal	Observation	Observation
hernia	Observation	Observation
.	O	O
36357131	O	O
FULL	O	O
RESULT	O	O
:	O	O
Examination	O	O
:	O	O
Chest	Anatomy	Anatomy
CT	Modality	Modality
,	O	O
6/25/07	O	O
Clinical	O	O
History	O	O
:	O	O
Lymphoma	Observation	Observation
.	O	O
Technique	O	O
:	O	O
A	O	O
2.5-mm	Observation_Modifier	Observation_Modifier
spiral	O	O
CT	Modality	Modality
was	O	O
performed	O	O
from	O	O
the	O	O
lung	Anatomy	Anatomy
apices	Anatomy_Modifier	Anatomy_Modifier
to	O	O
the	O	O
bases	Anatomy_Modifier	Anatomy_Modifier
,	O	O
utilizing	O	O
intravenous	O	O
contrast	O	O
.	O	O
Findings	O	O
:	O	O
No	Uncertainty	Uncertainty
lymphadenopathy	Observation	Observation
is	O	O
appreciated	O	O
.	O	O
The	O	O
lungs	Anatomy	Anatomy
are	O	O
essentially	Observation_Modifier	Observation_Modifier
clear	Observation	Observation
,	O	O
except	O	O
for	O	O
some	O	O
mild	Observation_Modifier	Observation_Modifier
dependent	Observation_Modifier	Observation_Modifier
atelectasis	Observation	Observation
.	O	O
IMPRESSION	O	O
:	O	O
No	Uncertainty	Uncertainty
evidence	Uncertainty	Uncertainty
of	Uncertainty	Uncertainty
lymphoma	Observation	Observation
.	O	O
CT	Modality	Modality
CT	Modality	Modality
,	O	O
LUNG	Anatomy	Anatomy
,	O	O
MED	Anatomy	Anatomy
,	O	O
PLEURA	Anatomy	Anatomy
W/CONTRAST	O	O
MCW	O	O
1868689	O	O
RIGHT	Anatomy_Modifier	Anatomy_Modifier
LUNG	Anatomy	Anatomy
MASS	Observation	Observation
CT	Modality	Modality
THORAX	Anatomy	Anatomy
CT	Modality	Modality
EXAMINATION	O	O
OF	O	O
THE	O	O
CHEST	Anatomy	Anatomy
WAS	O	O
PERFORMED	O	O
FOLLOWING	O	O
INTRAVENOUS	O	O
CONTRAST	O	O
ADMINISTRATION	O	O
,	O	O
WITH	O	O
HELICAL	O	O
IMAGING	O	O
FROM	O	O
THE	O	O
LUNG	Anatomy	Anatomy
APICES	Anatomy_Modifier	Anatomy_Modifier
THROUGH	O	O
THE	O	O
LUNG	Anatomy	Anatomy
BASES	Anatomy_Modifier	Anatomy_Modifier
.	O	O
THERE	O	O
ARE	O	O
NO	O	Uncertainty
OLD	O	O
STUDIES	O	O
AT	O	O
THIS	O	O
INSTITUTION	O	O
FOR	O	O
COMPARISON	O	O
.	O	O
THERE	O	O
IS	O	O
A	O	O
MASS	Observation	Observation
IN	O	O
THE	O	O
ANTERIOR	Anatomy_Modifier	Anatomy_Modifier
SEGMENT	Anatomy_Modifier	Anatomy_Modifier
OF	O	O
THE	O	O
RIGHT	Anatomy	Anatomy
UPPER	Anatomy	Anatomy
LOBE	Anatomy	Anatomy
CONTAINING	O	O
CENTRAL	Observation_Modifier	Observation_Modifier
CAVITATION	Observation_Modifier	Observation_Modifier
,	O	O
WHICH	O	O
MEASURES	O	O
APPROXIMATELY	Observation_Modifier	Observation_Modifier
3.7	Observation_Modifier	Observation_Modifier
X	Observation_Modifier	Observation_Modifier
2.3	Observation_Modifier	Observation_Modifier
CM	Observation_Modifier	Observation_Modifier
.	O	O
THIS	O	O
ABUTS	O	O
THE	O	O
ANTERIOR	Anatomy_Modifier	Anatomy_Modifier
MEDIASTINUM	Anatomy	Anatomy
AND	O	O
THE	O	O
ANTERIOR	Anatomy_Modifier	Anatomy_Modifier
CHEST	Anatomy	Anatomy
WALL	Anatomy_Modifier	Anatomy_Modifier
PLEURA	Anatomy	Anatomy
.	O	O
THIS	O	O
IS	O	O
HIGHLY	Uncertainty	Uncertainty
SUSPICIOUS	Uncertainty	Uncertainty
FOR	Uncertainty	Uncertainty
PRIMARY	Observation_Modifier	Observation_Modifier
CARCINOMA	Observation	Observation
OF	O	O
THE	O	O
LUNG	Anatomy	Anatomy
.	O	O
THE	O	O
MASS	Observation	Observation
APPEARS	Uncertainty	Uncertainty
TO	Uncertainty	Uncertainty
EXTEND	O	O
CENTRALLY	O	O
ALONG	O	O
THE	O	O
BRONCHOVASCULAR	Anatomy	Anatomy
BUNDLE	Anatomy	Anatomy
TO	O	O
THE	O	O
REGION	Anatomy_Modifier	Anatomy_Modifier
OF	O	O
THE	O	O
RIGHT	Anatomy_Modifier	Anatomy_Modifier
HILUM	Anatomy	Anatomy
.	O	O
THE	O	O
ANTERIOR	Anatomy_Modifier	Anatomy_Modifier
SEGMENT	Anatomy_Modifier	Anatomy_Modifier
RIGHT	Anatomy	Anatomy
UPPER	Anatomy	Anatomy
LOBE	Anatomy	Anatomy
BRONCHUS	Anatomy_Modifier	Anatomy_Modifier
AND	O	O
ITS	O	O
FIRST	Anatomy_Modifier	Anatomy_Modifier
TWO	Anatomy_Modifier	Anatomy_Modifier
BRANCHES	Anatomy_Modifier	Anatomy_Modifier
APPEAR	Uncertainty	Uncertainty
NARROWED	Observation	Observation
.	O	O
SOFT	Observation	Observation
TISSUE	Observation	Observation
EXTENDS	O	O
CENTRALLY	O	O
AROUND	O	O
THE	O	O
RIGHT	Anatomy	Anatomy
UPPER	Anatomy	Anatomy
LOBE	Anatomy	Anatomy
BRONCHUS	Anatomy_Modifier	Anatomy_Modifier
.	O	O
ABNORMAL	Observation_Modifier	Observation_Modifier
SOFT	Observation	Observation
TISSUE	Observation	Observation
EXTENDS	O	O
TO	O	O
THE	O	O
SUBCARINAL	Anatomy	Anatomy
REGION	Anatomy_Modifier	Anatomy_Modifier
.	O	O
THERE	O	O
IS	O	O
A	O	O
NECROTIC	Observation_Modifier	Observation_Modifier
APPEARING	O	O
MASS	Observation	Observation
IN	O	O
THE	O	O
RIGHT	Anatomy_Modifier	Anatomy_Modifier
LOWER	Anatomy_Modifier	Anatomy_Modifier
PARATRACHEAL	Anatomy	Anatomy
REGION	Anatomy_Modifier	Anatomy_Modifier
WITH	O	O
ILL-DEFINED	Observation_Modifier	Observation_Modifier
MARGINS	Observation_Modifier	Observation_Modifier
WHICH	O	O
APPEARS	O	O
SOMEWHAT	O	O
SEPARATE	O	O
FROM	O	O
THE	O	O
PRIMARY	Observation_Modifier	Observation_Modifier
RIGHT	Anatomy	Anatomy
UPPER	Anatomy	Anatomy
LOBE	Anatomy	Anatomy
AND	O	O
RIGHT	Anatomy_Modifier	Anatomy_Modifier
HILAR	Anatomy	Anatomy
MASS	Observation	Observation
AND	O	O
IS	Uncertainty	Uncertainty
SUSPICIOUS	Uncertainty	Uncertainty
FOR	Uncertainty	Uncertainty
MALIGNANT	Observation_Modifier	Observation_Modifier
LYMPHADENOPATHY	Observation	Observation
.	O	O
THIS	O	O
MEASURES	O	O
APPROXIMATELY	O	Observation_Modifier
3.3	Observation_Modifier	Observation_Modifier
X	Observation_Modifier	Observation_Modifier
2.9	Observation_Modifier	Observation_Modifier
CM	Observation_Modifier	Observation_Modifier
.	O	O
THERE	O	O
ARE	O	O
SEVERAL	Observation_Modifier	Observation_Modifier
ADDITIONAL	Observation_Modifier	Observation_Modifier
NODES	Observation	Observation
IN	O	O
THE	O	O
RIGHT	Anatomy_Modifier	Anatomy_Modifier
PARATRACHEAL	Anatomy	Anatomy
REGION	Anatomy_Modifier	Anatomy_Modifier
,	O	O
MOST	Observation_Modifier	Observation_Modifier
OF	O	O
WHICH	O	O
APPEAR	Uncertainty	Uncertainty
NECROTIC	Observation_Modifier	Observation_Modifier
.	O	O
LEFT	Anatomy_Modifier	Anatomy_Modifier
LOWER	Anatomy_Modifier	Anatomy_Modifier
PARATRACHEAL	Anatomy	Anatomy
NODES	Observation	Observation
ALL	Observation_Modifier	Observation_Modifier
ARE	O	O
SMALL	Observation_Modifier	Observation_Modifier
,	O	O
AS	O	O
IS	O	O
A	O	O
SMALL	Observation_Modifier	Observation_Modifier
ANTERIOR	Anatomy_Modifier	Anatomy_Modifier
MEDIASTINAL	Anatomy	Anatomy
LYMPH	Observation	Observation
NODE	Observation	Observation
.	O	O
THE	O	O
RIGHT	Anatomy_Modifier	Anatomy_Modifier
VOCAL	Anatomy	Anatomy
CORD	Anatomy	Anatomy
APPEARS	Uncertainty	Uncertainty
ADDUCTED	Observation	Observation
,	O	O
RAISING	Uncertainty	Uncertainty
THE	Uncertainty	Uncertainty
POSSIBILITY	Uncertainty	Uncertainty
OF	Uncertainty	Uncertainty
VOCAL	Anatomy	Anatomy
CORD	Anatomy	Anatomy
PARALYSIS	Observation	Observation
.	O	O
AT	O	O
LUNG	O	Anatomy
WINDOW	O	O
SETTINGS	O	O
,	O	O
DIFFUSE	Observation_Modifier	Observation_Modifier
MODERATE	Observation_Modifier	Observation_Modifier
CENTRILOBULAR	Observation_Modifier	Observation_Modifier
EMPHYSEMA	Observation	Observation
IS	O	O
SEEN	O	O
.	O	O
MULTIPLE	Observation_Modifier	Observation_Modifier
BILATERAL	Anatomy_Modifier	Anatomy_Modifier
PULMONARY	Anatomy	Anatomy
NODULES	Observation	Observation
AND	O	O
MULTIPLE	Observation_Modifier	Observation_Modifier
PLEURAL	Anatomy	Anatomy
NODULES	Observation	Observation
ON	O	O
THE	O	O
RIGHT	Anatomy_Modifier	Anatomy_Modifier
ARE	O	O
SEEN	O	O
AND	O	O
ARE	O	O
SUSPICIOUS	Uncertainty	Uncertainty
FOR	Uncertainty	Uncertainty
METASTATIC	Observation	Observation
DISEASE	Observation	Observation
.	O	O
THE	O	O
LARGEST	Observation_Modifier	Observation_Modifier
OF	O	O
THESE	O	O
IS	O	O
A	O	O
1.5	Observation_Modifier	Observation_Modifier
X	Observation_Modifier	Observation_Modifier
1.1	Observation_Modifier	Observation_Modifier
CM	Observation_Modifier	Observation_Modifier
NODULE	Observation	Observation
IN	O	O
THE	O	O
RIGHT	Anatomy	Anatomy
MIDDLE	Anatomy	Anatomy
LOBE	Anatomy	Anatomy
.	O	O
THERE	O	O
IS	O	O
AN	O	O
EVEN	O	O
LARGER	Observation_Modifier	Observation_Modifier
MASS	Observation	Observation
OR	O	O
MASS-LIKE	Observation_Modifier	Observation_Modifier
AREA	Observation_Modifier	Observation_Modifier
OF	O	O
CONSOLIDATION	Observation	Observation
IN	O	O
THE	O	O
LEFT	Anatomy	Anatomy
LOWER	Anatomy	Anatomy
LOBE	Anatomy	Anatomy
,	O	O
WHICH	O	O
MAY	Uncertainty	Uncertainty
BE	Uncertainty	Uncertainty
INFLAMMATORY	Observation_Modifier	Observation_Modifier
.	O	O
THERE	O	O
ARE	O	O
SCATTERED	Observation_Modifier	Observation_Modifier
AREAS	Observation_Modifier	Observation_Modifier
OF	O	O
BRONCHIECTASIS	Observation	Observation
.	O	O
THERE	O	O
IS	O	O
A	O	O
FOCAL	Observation_Modifier	Observation_Modifier
AREA	Observation_Modifier	Observation_Modifier
OF	O	O
MUCOUS	Observation	Observation
PLUGGING	Observation	Observation
IN	O	O
THE	O	O
LEFT	Anatomy	Anatomy
LOWER	Anatomy	Anatomy
LOBE	Anatomy	Anatomy
.	O	O
THERE	O	O
IS	O	O
A	O	O
TINY	Observation_Modifier	Observation_Modifier
RIGHT	Anatomy_Modifier	Anatomy_Modifier
PLEURAL	Anatomy	Anatomy
EFFUSION	Observation	Observation
.	O	O
THE	O	O
ADRENAL	Anatomy	Anatomy
GLANDS	Anatomy	Anatomy
APPEAR	Uncertainty	Uncertainty
NORMAL	Observation	Observation
BILATERALLY	Anatomy_Modifier	Anatomy_Modifier
.	O	O
THERE	O	O
IS	O	O
A	O	O
LOW	Observation_Modifier	Observation_Modifier
DENSITY	Observation_Modifier	Observation_Modifier
LESION	Observation	Observation
IN	O	O
THE	O	O
POSTERIOR	Anatomy_Modifier	Anatomy_Modifier
SEGMENT	Anatomy_Modifier	Anatomy_Modifier
OF	O	O
THE	O	O
RIGHT	Anatomy_Modifier	Anatomy_Modifier
LOBE	Anatomy_Modifier	Anatomy_Modifier
OF	O	O
THE	O	O
LIVER	Anatomy	Anatomy
,	O	O
WHICH	O	O
IS	O	O
SUSPICIOUS	Uncertainty	Uncertainty
FOR	Uncertainty	Uncertainty
A	O	O
HEPATIC	Anatomy	Anatomy
METASTASIS	Observation	Observation
.	O	O
THIS	O	O
COULD	O	O
BE	O	O
FURTHER	O	O
CHARACTERIZED	O	O
WITH	O	O
DEDICATED	O	O
CT	Modality	Modality
OF	O	O
THE	O	O
ABDOMEN	Anatomy	Anatomy
AND	O	O
PELVIS	Anatomy	Anatomy
.	O	O
ADDITIONAL	Observation_Modifier	Observation_Modifier
QUESTIONABLE	Uncertainty	Uncertainty
LESIONS	Observation	Observation
ARE	O	O
SEEN	O	O
IN	O	O
THE	O	O
LEFT	Anatomy_Modifier	Anatomy_Modifier
LOBE	Anatomy_Modifier	Anatomy_Modifier
OF	O	O
THE	O	O
LIVER	Anatomy	Anatomy
.	O	O
THERE	O	O
IS	O	O
A	O	O
SMALL	Observation_Modifier	Observation_Modifier
SPLENULE	Observation	Observation
.	O	O
THE	O	O
VISUALIZED	Anatomy_Modifier	Anatomy_Modifier
PORTIONS	Anatomy_Modifier	Anatomy_Modifier
OF	O	O
THE	O	O
KIDNEYS	Anatomy	Anatomy
AND	O	O
PANCREAS	Anatomy	Anatomy
ARE	O	O
UNREMARKABLE	Observation	Observation
.	O	O
DEGENERATIVE	Observation	Observation
CHANGES	O	O
ARE	O	O
SEEN	O	O
IN	O	O
THE	O	O
THORACIC	Anatomy_Modifier	Anatomy_Modifier
SPINE	Anatomy	Anatomy
.	O	O
THERE	O	O
IS	O	O
NO	Uncertainty	Uncertainty
EVIDENCE	Uncertainty	Uncertainty
OF	Uncertainty	Uncertainty
OSSEOUS	Anatomy	Anatomy
METASTASES	Observation	Observation
.	O	O
1	O	O
.	O	O
RIGHT	O	Anatomy
UPPER	O	Anatomy
LOBE	O	Anatomy
MASS	O	Observation
HIGHLY	O	Uncertainty
SUSPICIOUS	O	Uncertainty
FOR	O	Uncertainty
PRIMARY	O	Observation_Modifier
CARCINOMA	O	Observation
OF	O	O
THE	O	O
LUNG	O	Anatomy
,	O	O
WITH	O	O
ASSOCIATED	O	O
EXTENSION	O	O
TO	O	O
THE	O	O
REGION	O	Anatomy_Modifier
OF	O	O
THE	O	O
RIGHT	O	Anatomy_Modifier
HILUM	O	Anatomy
,	O	O
NARROWING	O	O
OF	O	O
THE	O	O
RIGHT	Anatomy_Modifier	Anatomy_Modifier
ANTERIOR	Anatomy_Modifier	Anatomy_Modifier
SEGMENTAL	Anatomy_Modifier	Anatomy_Modifier
BRONCHUS	Anatomy	Anatomy
,	O	O
SOFT	Observation	Observation
TISSUE	Observation	Observation
EXTENSION	O	O
INTO	O	O
THE	O	O
MEDIASTINUM	Anatomy	Anatomy
AND	O	O
INTO	O	O
THE	O	O
SUBCARINAL	Anatomy	Anatomy
REGION	Anatomy_Modifier	Anatomy_Modifier
,	O	O
AND	O	O
A	O	O
RIGHT	Anatomy_Modifier	Anatomy_Modifier
PARATRACHEAL	Anatomy	Anatomy
NECROTIC	Observation_Modifier	Observation_Modifier
APPEARING	O	O
MASS.	Observation	Observation
.	O	O
THERE	O	O
IS	O	O
ADDUCTION	Observation	Observation
OF	O	O
THE	O	O
RIGHT	Anatomy_Modifier	Anatomy_Modifier
FOCAL	Anatomy	Anatomy
CORD	Anatomy	Anatomy
RAISING	Uncertainty	Uncertainty
THE	Uncertainty	Uncertainty
POSSIBILITY	Uncertainty	Uncertainty
OF	Uncertainty	Uncertainty
RIGHT	Anatomy_Modifier	Anatomy_Modifier
FOCAL	Anatomy	Anatomy
CORD	Anatomy	Anatomy
PARALYSIS	Observation	Observation
.	O	O
2	O	O
.	O	O
SCATTERED	Observation_Modifier	Observation_Modifier
BILATERAL	Anatomy_Modifier	Anatomy_Modifier
PULMONARY	Anatomy	Anatomy
AND	O	O
RIGHT	Anatomy_Modifier	Anatomy_Modifier
PLEURAL	Anatomy	Anatomy
NODULES	Observation	Observation
SUSPICIOUS	Uncertainty	Uncertainty
FOR	Uncertainty	Uncertainty
A	O	O
METASTASES	Observation	Observation
.	O	O
3	O	O
.	O	O
AT	Observation_Modifier	Observation_Modifier
LEAST	Observation_Modifier	Observation_Modifier
ONE	Observation_Modifier	Observation_Modifier
HEPATIC	Anatomy	Anatomy
LESION	Observation	Observation
SUSPICIOUS	Uncertainty	Uncertainty
FOR	Uncertainty	Uncertainty
METASTASIS	Observation	Observation
.	O	O
4	O	O
.	O	O
CENTRILOBULAR	Anatomy_Modifier	Anatomy_Modifier
EMPHYSEMA	Observation	Observation
.	O	O

